Label_0,Label,Frequency,Effective_1
TotalPointsWonOrLost_Freq,Lost,55,
TotalPointsWonOrLost_Freq,Won,24,
TotalPointsWonOrLost_Freq,Lost_thru_Mistake,55,
TotalPointsWonOrLost_Freq,Won_thru_Winner,24,
Effective_Score,Effective_Score_Rally,72,-51
Effective_Score,Effective_Score_Return,33,-95
Effective_Score,Effective_Score_Serve,46,-90
Effective_Score_First,Effective_Score_First_Rally,63,-54
Effective_Score_First,Effective_Score_First_Return,29,-75
Effective_Score_First,Effective_Score_First_Serve,30,0
Effective_Score_Second,Effective_Score_Second_Rally,9,3
Effective_Score_Second,Effective_Score_Second_Return,4,-20
Effective_Score_Second,Effective_Score_Second_Serve,16,-90
Effective_Score_Deuce,Effective_Score_Deuce_Rally,28,-84
Effective_Score_Deuce,Effective_Score_Deuce_Return,18,-90
Effective_Score_Deuce,Effective_Score_Deuce_Serve,25,-80
Effective_Score_Adv,Effective_Score_Adv_Rally,44,33
Effective_Score_Adv,Effective_Score_Adv_Return,15,-5
Effective_Score_Adv,Effective_Score_Adv_Serve,21,-10
Effective_Score_Deuce_First,Effective_Score_Deuce_First_Rally,22,-57
Effective_Score_Deuce_First,Effective_Score_Deuce_First_Return,15,-80
Effective_Score_Deuce_First,Effective_Score_Deuce_First_Serve,15,-20
Effective_Score_Deuce_Second,Effective_Score_Deuce_Second_Rally,6,-27
Effective_Score_Deuce_Second,Effective_Score_Deuce_Second_Return,3,-10
Effective_Score_Deuce_Second,Effective_Score_Deuce_Second_Serve,10,-60
Effective_Score_Adv_First,Effective_Score_Adv_First_Rally,41,3
Effective_Score_Adv_First,Effective_Score_Adv_First_Return,14,5
Effective_Score_Adv_First,Effective_Score_Adv_First_Serve,15,20
Effective_Score_Adv_Second,Effective_Score_Adv_Second_Rally,3,30
Effective_Score_Adv_Second,Effective_Score_Adv_Second_Return,1,-10
Effective_Score_Adv_Second,Effective_Score_Adv_Second_Serve,6,-30
Shots_By_OutComeGen,Rally_Lost,21,-210
Shots_By_OutComeGen,Rally_Rally,39,39
Shots_By_OutComeGen,Rally_Won,12,120
Shots_By_OutComeGen,Return_Lost,19,-190
Shots_By_OutComeGen,Return_Rally,9,45
Shots_By_OutComeGen,Return_Won,5,50
Shots_By_OutComeGen,Serve_Lost,15,-190
Shots_By_OutComeGen,Serve_Rally,24,30
Shots_By_OutComeGen,Serve_Won,7,70
Shots_By_OutComeGen_First,Rally_Lost,18,-180
Shots_By_OutComeGen_First,Rally_Rally,36,36
Shots_By_OutComeGen_First,Rally_Won,9,90
Shots_By_OutComeGen_First,Return_Lost,16,-160
Shots_By_OutComeGen_First,Return_Rally,9,45
Shots_By_OutComeGen_First,Return_Won,4,40
Shots_By_OutComeGen_First,Serve_Lost,6,-60
Shots_By_OutComeGen_First,Serve_Rally,18,0
Shots_By_OutComeGen_First,Serve_Won,6,60
Shots_By_OutComeGen_Second,Rally_Lost,3,-30
Shots_By_OutComeGen_Second,Rally_Rally,3,3
Shots_By_OutComeGen_Second,Rally_Won,3,30
Shots_By_OutComeGen_Second,Return_Lost,3,-30
Shots_By_OutComeGen_Second,Return_Won,1,10
Shots_By_OutComeGen_Second,Serve_Lost,9,-130
Shots_By_OutComeGen_Second,Serve_Rally,6,30
Shots_By_OutComeGen_Second,Serve_Won,1,10
Shots_By_OutComeGen_Deuce,Rally_Lost,11,-110
Shots_By_OutComeGen_Deuce,Rally_Rally,16,16
Shots_By_OutComeGen_Deuce,Rally_Won,1,10
Shots_By_OutComeGen_Deuce,Return_Lost,13,-130
Shots_By_OutComeGen_Deuce,Return_Rally,2,10
Shots_By_OutComeGen_Deuce,Return_Won,3,30
Shots_By_OutComeGen_Deuce,Serve_Lost,11,-135
Shots_By_OutComeGen_Deuce,Serve_Rally,10,15
Shots_By_OutComeGen_Deuce,Serve_Won,4,40
Shots_By_OutComeGen_Adv,Rally_Lost,10,-100
Shots_By_OutComeGen_Adv,Rally_Rally,23,23
Shots_By_OutComeGen_Adv,Rally_Won,11,110
Shots_By_OutComeGen_Adv,Return_Lost,6,-60
Shots_By_OutComeGen_Adv,Return_Rally,7,35
Shots_By_OutComeGen_Adv,Return_Won,2,20
Shots_By_OutComeGen_Adv,Serve_Lost,4,-55
Shots_By_OutComeGen_Adv,Serve_Rally,14,15
Shots_By_OutComeGen_Adv,Serve_Won,3,30
Shots_By_OutComeGen_Deuce_First,Rally_Lost,8,-80
Shots_By_OutComeGen_Deuce_First,Rally_Rally,13,13
Shots_By_OutComeGen_Deuce_First,Rally_Won,1,10
Shots_By_OutComeGen_Deuce_First,Return_Lost,11,-110
Shots_By_OutComeGen_Deuce_First,Return_Rally,2,10
Shots_By_OutComeGen_Deuce_First,Return_Won,2,20
Shots_By_OutComeGen_Deuce_First,Serve_Lost,5,-50
Shots_By_OutComeGen_Deuce_First,Serve_Rally,7,0
Shots_By_OutComeGen_Deuce_First,Serve_Won,3,30
Shots_By_OutComeGen_Deuce_Second,Rally_Lost,3,-30
Shots_By_OutComeGen_Deuce_Second,Rally_Rally,3,3
Shots_By_OutComeGen_Deuce_Second,Return_Lost,2,-20
Shots_By_OutComeGen_Deuce_Second,Return_Won,1,10
Shots_By_OutComeGen_Deuce_Second,Serve_Lost,6,-85
Shots_By_OutComeGen_Deuce_Second,Serve_Rally,3,15
Shots_By_OutComeGen_Deuce_Second,Serve_Won,1,10
Shots_By_OutComeGen_Adv_First,Rally_Lost,10,-100
Shots_By_OutComeGen_Adv_First,Rally_Rally,23,23
Shots_By_OutComeGen_Adv_First,Rally_Won,8,80
Shots_By_OutComeGen_Adv_First,Return_Lost,5,-50
Shots_By_OutComeGen_Adv_First,Return_Rally,7,35
Shots_By_OutComeGen_Adv_First,Return_Won,2,20
Shots_By_OutComeGen_Adv_First,Serve_Lost,1,-10
Shots_By_OutComeGen_Adv_First,Serve_Rally,11,0
Shots_By_OutComeGen_Adv_First,Serve_Won,3,30
Shots_By_OutComeGen_Adv_Second,Rally_Won,3,30
Shots_By_OutComeGen_Adv_Second,Return_Lost,1,-10
Shots_By_OutComeGen_Adv_Second,Serve_Lost,3,-45
Shots_By_OutComeGen_Adv_Second,Serve_Rally,3,15
Eval1_By_OutCome_Effective,Rally_Lost_thru_Mistake,21,-210
Eval1_By_OutCome_Effective,Rally_Rally,39,39
Eval1_By_OutCome_Effective,Rally_Won_thru_Winner,12,120
Eval1_By_OutCome_Effective,Return_Lost_thru_Mistake,19,-190
Eval1_By_OutCome_Effective,Return_Rally,9,45
Eval1_By_OutCome_Effective,Return_Won_thru_Winner,5,50
Eval1_By_OutCome_Effective,Serve_Lost_thru_Mistake,15,-190
Eval1_By_OutCome_Effective,Serve_Rally,24,30
Eval1_By_OutCome_Effective,Serve_Won_thru_Winner,7,70
Eval1_By_OutCome_Effective_First,Rally_Lost_thru_Mistake,18,-180
Eval1_By_OutCome_Effective_First,Rally_Rally,36,36
Eval1_By_OutCome_Effective_First,Rally_Won_thru_Winner,9,90
Eval1_By_OutCome_Effective_First,Return_Lost_thru_Mistake,16,-160
Eval1_By_OutCome_Effective_First,Return_Rally,9,45
Eval1_By_OutCome_Effective_First,Return_Won_thru_Winner,4,40
Eval1_By_OutCome_Effective_First,Serve_Lost_thru_Mistake,6,-60
Eval1_By_OutCome_Effective_First,Serve_Rally,18,0
Eval1_By_OutCome_Effective_First,Serve_Won_thru_Winner,6,60
Eval1_By_OutCome_Effective_Second,Rally_Lost_thru_Mistake,3,-30
Eval1_By_OutCome_Effective_Second,Rally_Rally,3,3
Eval1_By_OutCome_Effective_Second,Rally_Won_thru_Winner,3,30
Eval1_By_OutCome_Effective_Second,Return_Lost_thru_Mistake,3,-30
Eval1_By_OutCome_Effective_Second,Return_Won_thru_Winner,1,10
Eval1_By_OutCome_Effective_Second,Serve_Lost_thru_Mistake,9,-130
Eval1_By_OutCome_Effective_Second,Serve_Rally,6,30
Eval1_By_OutCome_Effective_Second,Serve_Won_thru_Winner,1,10
Eval1_By_OutCome_Effective_Deuce,Rally_Lost_thru_Mistake,11,-110
Eval1_By_OutCome_Effective_Deuce,Rally_Rally,16,16
Eval1_By_OutCome_Effective_Deuce,Rally_Won_thru_Winner,1,10
Eval1_By_OutCome_Effective_Deuce,Return_Lost_thru_Mistake,13,-130
Eval1_By_OutCome_Effective_Deuce,Return_Rally,2,10
Eval1_By_OutCome_Effective_Deuce,Return_Won_thru_Winner,3,30
Eval1_By_OutCome_Effective_Deuce,Serve_Lost_thru_Mistake,11,-135
Eval1_By_OutCome_Effective_Deuce,Serve_Rally,10,15
Eval1_By_OutCome_Effective_Deuce,Serve_Won_thru_Winner,4,40
Eval1_By_OutCome_Effective_Adv,Rally_Lost_thru_Mistake,10,-100
Eval1_By_OutCome_Effective_Adv,Rally_Rally,23,23
Eval1_By_OutCome_Effective_Adv,Rally_Won_thru_Winner,11,110
Eval1_By_OutCome_Effective_Adv,Return_Lost_thru_Mistake,6,-60
Eval1_By_OutCome_Effective_Adv,Return_Rally,7,35
Eval1_By_OutCome_Effective_Adv,Return_Won_thru_Winner,2,20
Eval1_By_OutCome_Effective_Adv,Serve_Lost_thru_Mistake,4,-55
Eval1_By_OutCome_Effective_Adv,Serve_Rally,14,15
Eval1_By_OutCome_Effective_Adv,Serve_Won_thru_Winner,3,30
Eval1_By_OutCome_Effective_Deuce_First,Rally_Lost_thru_Mistake,8,-80
Eval1_By_OutCome_Effective_Deuce_First,Rally_Rally,13,13
Eval1_By_OutCome_Effective_Deuce_First,Rally_Won_thru_Winner,1,10
Eval1_By_OutCome_Effective_Deuce_First,Return_Lost_thru_Mistake,11,-110
Eval1_By_OutCome_Effective_Deuce_First,Return_Rally,2,10
Eval1_By_OutCome_Effective_Deuce_First,Return_Won_thru_Winner,2,20
Eval1_By_OutCome_Effective_Deuce_First,Serve_Lost_thru_Mistake,5,-50
Eval1_By_OutCome_Effective_Deuce_First,Serve_Rally,7,0
Eval1_By_OutCome_Effective_Deuce_First,Serve_Won_thru_Winner,3,30
Eval1_By_OutCome_Effective_Deuce_Second,Rally_Lost_thru_Mistake,3,-30
Eval1_By_OutCome_Effective_Deuce_Second,Rally_Rally,3,3
Eval1_By_OutCome_Effective_Deuce_Second,Return_Lost_thru_Mistake,2,-20
Eval1_By_OutCome_Effective_Deuce_Second,Return_Won_thru_Winner,1,10
Eval1_By_OutCome_Effective_Deuce_Second,Serve_Lost_thru_Mistake,6,-85
Eval1_By_OutCome_Effective_Deuce_Second,Serve_Rally,3,15
Eval1_By_OutCome_Effective_Deuce_Second,Serve_Won_thru_Winner,1,10
Eval1_By_OutCome_Effective_Adv_First,Rally_Lost_thru_Mistake,10,-100
Eval1_By_OutCome_Effective_Adv_First,Rally_Rally,23,23
Eval1_By_OutCome_Effective_Adv_First,Rally_Won_thru_Winner,8,80
Eval1_By_OutCome_Effective_Adv_First,Return_Lost_thru_Mistake,5,-50
Eval1_By_OutCome_Effective_Adv_First,Return_Rally,7,35
Eval1_By_OutCome_Effective_Adv_First,Return_Won_thru_Winner,2,20
Eval1_By_OutCome_Effective_Adv_First,Serve_Lost_thru_Mistake,1,-10
Eval1_By_OutCome_Effective_Adv_First,Serve_Rally,11,0
Eval1_By_OutCome_Effective_Adv_First,Serve_Won_thru_Winner,3,30
Eval1_By_OutCome_Effective_Adv_Second,Rally_Won_thru_Winner,3,30
Eval1_By_OutCome_Effective_Adv_Second,Return_Lost_thru_Mistake,1,-10
Eval1_By_OutCome_Effective_Adv_Second,Serve_Lost_thru_Mistake,3,-45
Eval1_By_OutCome_Effective_Adv_Second,Serve_Rally,3,15
Effective_Score2_Shots,Effective_Score_BH,21,-36
Effective_Score2_Shots,Effective_Score_FH,85,-20
Effective_Score2_Shots,Effective_Score_Slice,16,-14
Effective_Score2_Shots,Effective_Score_Volley,2,11
ShotsEval2_By_OutComeGen_Effective,BH_Lost,6,
ShotsEval2_By_OutComeGen_Effective,BH_Rally,14,
ShotsEval2_By_OutComeGen_Effective,BH_Won,1,
ShotsEval2_By_OutComeGen_Effective,FH_Lost,21,
ShotsEval2_By_OutComeGen_Effective,FH_Rally,50,
ShotsEval2_By_OutComeGen_Effective,FH_Won,14,
ShotsEval2_By_OutComeGen_Effective,Slice_Lost,6,
ShotsEval2_By_OutComeGen_Effective,Slice_Rally,6,
ShotsEval2_By_OutComeGen_Effective,Slice_Won,4,
ShotsEval2_By_OutComeGen_Effective,Volley_Rally,1,
ShotsEval2_By_OutComeGen_Effective,Volley_Won,1,
Eval2_By_OutCome_Effective,BH_Lost_thru_Mistake,6,
Eval2_By_OutCome_Effective,BH_Rally,14,
Eval2_By_OutCome_Effective,BH_Won_thru_Winner,1,
Eval2_By_OutCome_Effective,FH_Lost_thru_Mistake,21,
Eval2_By_OutCome_Effective,FH_Rally,50,
Eval2_By_OutCome_Effective,FH_Won_thru_Winner,14,
Eval2_By_OutCome_Effective,Slice_Lost_thru_Mistake,6,
Eval2_By_OutCome_Effective,Slice_Rally,6,
Eval2_By_OutCome_Effective,Slice_Won_thru_Winner,4,
Eval2_By_OutCome_Effective,Volley_Rally,1,
Eval2_By_OutCome_Effective,Volley_Won_thru_Winner,1,
Shots_By_Part_OutComeGen,Return_One_Lost,13,
Shots_By_Part_OutComeGen,Return_One_Won,4,
Shots_By_Part_OutComeGen,Return_Two_Lost,6,
Shots_By_Part_OutComeGen,Return_Two_Rally,9,
Shots_By_Part_OutComeGen,Return_Two_Won,1,
Shots_By_Part_OutComeGen,Serve_One_Lost,9,
Shots_By_Part_OutComeGen,Serve_Two_Lost,6,
Shots_By_Part_OutComeGen,Serve_Two_Rally,24,
Shots_By_Part_OutComeGen,Serve_Two_Won,7,
Shots_By_Part_OutCome,Return_One_Lost_thru_Mistake,13,
Shots_By_Part_OutCome,Return_One_Won_thru_Winner,4,
Shots_By_Part_OutCome,Return_Two_Lost_thru_Mistake,6,
Shots_By_Part_OutCome,Return_Two_Rally,9,
Shots_By_Part_OutCome,Return_Two_Won_thru_Winner,1,
Shots_By_Part_OutCome,Serve_One_Lost_thru_Mistake,9,
Shots_By_Part_OutCome,Serve_Two_Lost_thru_Mistake,6,
Shots_By_Part_OutCome,Serve_Two_Rally,24,
Shots_By_Part_OutCome,Serve_Two_Won_thru_Winner,7,
Shots_By_Part_OutCome_Shot,Return_One_Lost_thru_Mistake_BH,1,
Shots_By_Part_OutCome_Shot,Return_One_Lost_thru_Mistake_FH,6,
Shots_By_Part_OutCome_Shot,Return_One_Lost_thru_Mistake_Slice,6,
Shots_By_Part_OutCome_Shot,Return_One_Won_thru_Winner_FH,1,
Shots_By_Part_OutCome_Shot,Return_One_Won_thru_Winner_Slice,2,
Shots_By_Part_OutCome_Shot,Return_Two_Lost_thru_Mistake_BH,2,
Shots_By_Part_OutCome_Shot,Return_Two_Lost_thru_Mistake_FH,1,
Shots_By_Part_OutCome_Shot,Return_Two_Lost_thru_Mistake_Slice,3,
Shots_By_Part_OutCome_Shot,Return_Two_Rally_BH,3,
Shots_By_Part_OutCome_Shot,Return_Two_Rally_FH,6,
Shots_By_Part_OutCome_Shot,Return_Two_Won_thru_Winner_FH,1,
Shots_By_Part_OutCome_Shot,Serve_One_Lost_thru_Mistake_Serve,8,
Shots_By_Part_OutCome_Shot,Serve_Two_Lost_thru_Mistake_FH,6,
Shots_By_Part_OutCome_Shot,Serve_Two_Rally_BH,5,
Shots_By_Part_OutCome_Shot,Serve_Two_Rally_FH,18,
Shots_By_Part_OutCome_Shot,Serve_Two_Rally_Serve,1,
Shots_By_Part_OutCome_Shot,Serve_Two_Won_thru_Winner_BH,1,
Shots_By_Part_OutCome_Shot,Serve_Two_Won_thru_Winner_FH,6,
Start_SplitBy_Serve_Type_OutComeGen,BH_First_Lost,4,
Start_SplitBy_Serve_Type_OutComeGen,BH_First_Rally,6,
Start_SplitBy_Serve_Type_OutComeGen,FH_First_Lost,12,
Start_SplitBy_Serve_Type_OutComeGen,FH_First_Rally,23,
Start_SplitBy_Serve_Type_OutComeGen,FH_First_Won,5,
Start_SplitBy_Serve_Type_OutComeGen,FH_Second_Lost,2,
Start_SplitBy_Serve_Type_OutComeGen,FH_Second_Rally,3,
Start_SplitBy_Serve_Type_OutComeGen,FH_Second_Won,2,
Start_SplitBy_Serve_Type_OutComeGen,Return_First_Lost,16,
Start_SplitBy_Serve_Type_OutComeGen,Return_First_Rally,9,
Start_SplitBy_Serve_Type_OutComeGen,Return_First_Won,4,
Start_SplitBy_Serve_Type_OutComeGen,Return_Second_Lost,3,
Start_SplitBy_Serve_Type_OutComeGen,Return_Second_Won,1,
Start_SplitBy_Serve_Type_OutComeGen,Serve_First_Lost,6,
Start_SplitBy_Serve_Type_OutComeGen,Serve_First_Rally,18,
Start_SplitBy_Serve_Type_OutComeGen,Serve_First_Won,6,
Start_SplitBy_Serve_Type_OutComeGen,Serve_Second_Lost,9,
Start_SplitBy_Serve_Type_OutComeGen,Serve_Second_Rally,6,
Start_SplitBy_Serve_Type_OutComeGen,Serve_Second_Won,1,
Start_SplitBy_Serve_Type_OutComeGen,Slice_First_Lost,2,
Start_SplitBy_Serve_Type_OutComeGen,Slice_First_Rally,6,
Start_SplitBy_Serve_Type_OutComeGen,Slice_First_Won,3,
Start_SplitBy_Serve_Type_OutComeGen,Slice_Second_Lost,1,
Start_SplitBy_Serve_Type_OutComeGen,Slice_Second_Won,1,
Start_SplitBy_Serve_Type_OutComeGen,Volley_First_Rally,1,
Start_SplitBy_Serve_Type_OutComeGen,Volley_First_Won,1,
Start_SplitBy_Serve_Type_Part_OutCome,Return_First_One_Lost_thru_Mistake,11,
Start_SplitBy_Serve_Type_Part_OutCome,Return_First_One_Won_thru_Winner,3,
Start_SplitBy_Serve_Type_Part_OutCome,Return_First_Two_Lost_thru_Mistake,5,
Start_SplitBy_Serve_Type_Part_OutCome,Return_First_Two_Rally,9,
Start_SplitBy_Serve_Type_Part_OutCome,Return_First_Two_Won_thru_Winner,1,
Start_SplitBy_Serve_Type_Part_OutCome,Return_Second_One_Lost_thru_Mistake,2,
Start_SplitBy_Serve_Type_Part_OutCome,Return_Second_One_Won_thru_Winner,1,
Start_SplitBy_Serve_Type_Part_OutCome,Return_Second_Two_Lost_thru_Mistake,1,
Start_SplitBy_Serve_Type_Part_OutCome,Serve_First_One_Lost_thru_Mistake,1,
Start_SplitBy_Serve_Type_Part_OutCome,Serve_First_Two_Lost_thru_Mistake,5,
Start_SplitBy_Serve_Type_Part_OutCome,Serve_First_Two_Rally,18,
Start_SplitBy_Serve_Type_Part_OutCome,Serve_First_Two_Won_thru_Winner,6,
Start_SplitBy_Serve_Type_Part_OutCome,Serve_Second_One_Lost_thru_Mistake,8,
Start_SplitBy_Serve_Type_Part_OutCome,Serve_Second_Two_Lost_thru_Mistake,1,
Start_SplitBy_Serve_Type_Part_OutCome,Serve_Second_Two_Rally,6,
Start_SplitBy_Serve_Type_Part_OutCome,Serve_Second_Two_Won_thru_Winner,1,
Start_SplitBy_Serve_Type_Part_OutCome_Shot,Return_First_One_Lost_thru_Mistake_BH,1,
Start_SplitBy_Serve_Type_Part_OutCome_Shot,Return_First_One_Lost_thru_Mistake_FH,4,
Start_SplitBy_Serve_Type_Part_OutCome_Shot,Return_First_One_Lost_thru_Mistake_Slice,6,
Start_SplitBy_Serve_Type_Part_OutCome_Shot,Return_First_One_Won_thru_Winner_FH,1,
Start_SplitBy_Serve_Type_Part_OutCome_Shot,Return_First_One_Won_thru_Winner_Slice,2,
Start_SplitBy_Serve_Type_Part_OutCome_Shot,Return_First_Two_Lost_thru_Mistake_BH,1,
Start_SplitBy_Serve_Type_Part_OutCome_Shot,Return_First_Two_Lost_thru_Mistake_FH,1,
Start_SplitBy_Serve_Type_Part_OutCome_Shot,Return_First_Two_Lost_thru_Mistake_Slice,3,
Start_SplitBy_Serve_Type_Part_OutCome_Shot,Return_First_Two_Rally_BH,3,
Start_SplitBy_Serve_Type_Part_OutCome_Shot,Return_First_Two_Rally_FH,6,
Start_SplitBy_Serve_Type_Part_OutCome_Shot,Return_First_Two_Won_thru_Winner_FH,1,
Start_SplitBy_Serve_Type_Part_OutCome_Shot,Return_Second_One_Lost_thru_Mistake_FH,2,
Start_SplitBy_Serve_Type_Part_OutCome_Shot,Return_Second_Two_Lost_thru_Mistake_BH,1,
Start_SplitBy_Serve_Type_Part_OutCome_Shot,Serve_First_Two_Lost_thru_Mistake_FH,5,
Start_SplitBy_Serve_Type_Part_OutCome_Shot,Serve_First_Two_Rally_BH,5,
Start_SplitBy_Serve_Type_Part_OutCome_Shot,Serve_First_Two_Rally_FH,12,
Start_SplitBy_Serve_Type_Part_OutCome_Shot,Serve_First_Two_Rally_Serve,1,
Start_SplitBy_Serve_Type_Part_OutCome_Shot,Serve_First_Two_Won_thru_Winner_BH,1,
Start_SplitBy_Serve_Type_Part_OutCome_Shot,Serve_First_Two_Won_thru_Winner_FH,5,
Start_SplitBy_Serve_Type_Part_OutCome_Shot,Serve_Second_One_Lost_thru_Mistake_Serve,8,
Start_SplitBy_Serve_Type_Part_OutCome_Shot,Serve_Second_Two_Lost_thru_Mistake_FH,1,
Start_SplitBy_Serve_Type_Part_OutCome_Shot,Serve_Second_Two_Rally_FH,6,
Start_SplitBy_Serve_Type_Part_OutCome_Shot,Serve_Second_Two_Won_thru_Winner_FH,1,
Start_SplitBy_Serve_Type_Origin_OutComeGen,BH_First_Adv_Lost,3,
Start_SplitBy_Serve_Type_Origin_OutComeGen,BH_First_Adv_Rally,1,
Start_SplitBy_Serve_Type_Origin_OutComeGen,BH_First_Deuce_Lost,1,
Start_SplitBy_Serve_Type_Origin_OutComeGen,BH_First_Deuce_Rally,5,
Start_SplitBy_Serve_Type_Origin_OutComeGen,FH_First_Adv_Lost,7,
Start_SplitBy_Serve_Type_Origin_OutComeGen,FH_First_Adv_Rally,16,
Start_SplitBy_Serve_Type_Origin_OutComeGen,FH_First_Adv_Won,5,
Start_SplitBy_Serve_Type_Origin_OutComeGen,FH_First_Deuce_Lost,5,
Start_SplitBy_Serve_Type_Origin_OutComeGen,FH_First_Deuce_Rally,7,
Start_SplitBy_Serve_Type_Origin_OutComeGen,FH_Second_Adv_Won,2,
Start_SplitBy_Serve_Type_Origin_OutComeGen,FH_Second_Deuce_Lost,2,
Start_SplitBy_Serve_Type_Origin_OutComeGen,FH_Second_Deuce_Rally,3,
Start_SplitBy_Serve_Type_Origin_OutComeGen,Return_First_Adv_Lost,5,
Start_SplitBy_Serve_Type_Origin_OutComeGen,Return_First_Adv_Rally,7,
Start_SplitBy_Serve_Type_Origin_OutComeGen,Return_First_Adv_Won,2,
Start_SplitBy_Serve_Type_Origin_OutComeGen,Return_First_Deuce_Lost,11,
Start_SplitBy_Serve_Type_Origin_OutComeGen,Return_First_Deuce_Rally,2,
Start_SplitBy_Serve_Type_Origin_OutComeGen,Return_First_Deuce_Won,2,
Start_SplitBy_Serve_Type_Origin_OutComeGen,Return_Second_Adv_Lost,1,
Start_SplitBy_Serve_Type_Origin_OutComeGen,Return_Second_Deuce_Lost,2,
Start_SplitBy_Serve_Type_Origin_OutComeGen,Return_Second_Deuce_Won,1,
Start_SplitBy_Serve_Type_Origin_OutComeGen,Serve_First_Adv_Lost,1,
Start_SplitBy_Serve_Type_Origin_OutComeGen,Serve_First_Adv_Rally,11,
Start_SplitBy_Serve_Type_Origin_OutComeGen,Serve_First_Adv_Won,3,
Start_SplitBy_Serve_Type_Origin_OutComeGen,Serve_First_Deuce_Lost,5,
Start_SplitBy_Serve_Type_Origin_OutComeGen,Serve_First_Deuce_Rally,7,
Start_SplitBy_Serve_Type_Origin_OutComeGen,Serve_First_Deuce_Won,3,
Start_SplitBy_Serve_Type_Origin_OutComeGen,Serve_Second_Adv_Lost,3,
Start_SplitBy_Serve_Type_Origin_OutComeGen,Serve_Second_Adv_Rally,3,
Start_SplitBy_Serve_Type_Origin_OutComeGen,Serve_Second_Deuce_Lost,6,
Start_SplitBy_Serve_Type_Origin_OutComeGen,Serve_Second_Deuce_Rally,3,
Start_SplitBy_Serve_Type_Origin_OutComeGen,Serve_Second_Deuce_Won,1,
Start_SplitBy_Serve_Type_Origin_OutComeGen,Slice_First_Adv_Rally,5,
Start_SplitBy_Serve_Type_Origin_OutComeGen,Slice_First_Adv_Won,2,
Start_SplitBy_Serve_Type_Origin_OutComeGen,Slice_First_Deuce_Lost,2,
Start_SplitBy_Serve_Type_Origin_OutComeGen,Slice_First_Deuce_Rally,1,
Start_SplitBy_Serve_Type_Origin_OutComeGen,Slice_First_Deuce_Won,1,
Start_SplitBy_Serve_Type_Origin_OutComeGen,Slice_Second_Adv_Won,1,
Start_SplitBy_Serve_Type_Origin_OutComeGen,Slice_Second_Deuce_Lost,1,
Start_SplitBy_Serve_Type_Origin_OutComeGen,Volley_First_Adv_Rally,1,
Start_SplitBy_Serve_Type_Origin_OutComeGen,Volley_First_Adv_Won,1,
Start_SplitBy_Serve_Type_Origin_Part_OutCome,Return_First_Adv_One_Lost_thru_Mistake,3,
Start_SplitBy_Serve_Type_Origin_Part_OutCome,Return_First_Adv_One_Won_thru_Winner,1,
Start_SplitBy_Serve_Type_Origin_Part_OutCome,Return_First_Adv_Two_Lost_thru_Mistake,2,
Start_SplitBy_Serve_Type_Origin_Part_OutCome,Return_First_Adv_Two_Rally,7,
Start_SplitBy_Serve_Type_Origin_Part_OutCome,Return_First_Adv_Two_Won_thru_Winner,1,
Start_SplitBy_Serve_Type_Origin_Part_OutCome,Return_First_Deuce_One_Lost_thru_Mistake,8,
Start_SplitBy_Serve_Type_Origin_Part_OutCome,Return_First_Deuce_One_Won_thru_Winner,2,
Start_SplitBy_Serve_Type_Origin_Part_OutCome,Return_First_Deuce_Two_Lost_thru_Mistake,3,
Start_SplitBy_Serve_Type_Origin_Part_OutCome,Return_First_Deuce_Two_Rally,2,
Start_SplitBy_Serve_Type_Origin_Part_OutCome,Return_Second_Adv_One_Lost_thru_Mistake,1,
Start_SplitBy_Serve_Type_Origin_Part_OutCome,Return_Second_Deuce_One_Lost_thru_Mistake,1,
Start_SplitBy_Serve_Type_Origin_Part_OutCome,Return_Second_Deuce_One_Won_thru_Winner,1,
Start_SplitBy_Serve_Type_Origin_Part_OutCome,Return_Second_Deuce_Two_Lost_thru_Mistake,1,
Start_SplitBy_Serve_Type_Origin_Part_OutCome,Serve_First_Adv_Two_Lost_thru_Mistake,1,
Start_SplitBy_Serve_Type_Origin_Part_OutCome,Serve_First_Adv_Two_Rally,11,
Start_SplitBy_Serve_Type_Origin_Part_OutCome,Serve_First_Adv_Two_Won_thru_Winner,3,
Start_SplitBy_Serve_Type_Origin_Part_OutCome,Serve_First_Deuce_One_Lost_thru_Mistake,1,
Start_SplitBy_Serve_Type_Origin_Part_OutCome,Serve_First_Deuce_Two_Lost_thru_Mistake,4,
Start_SplitBy_Serve_Type_Origin_Part_OutCome,Serve_First_Deuce_Two_Rally,7,
Start_SplitBy_Serve_Type_Origin_Part_OutCome,Serve_First_Deuce_Two_Won_thru_Winner,3,
Start_SplitBy_Serve_Type_Origin_Part_OutCome,Serve_Second_Adv_One_Lost_thru_Mistake,3,
Start_SplitBy_Serve_Type_Origin_Part_OutCome,Serve_Second_Adv_Two_Rally,3,
Start_SplitBy_Serve_Type_Origin_Part_OutCome,Serve_Second_Deuce_One_Lost_thru_Mistake,5,
Start_SplitBy_Serve_Type_Origin_Part_OutCome,Serve_Second_Deuce_Two_Lost_thru_Mistake,1,
Start_SplitBy_Serve_Type_Origin_Part_OutCome,Serve_Second_Deuce_Two_Rally,3,
Start_SplitBy_Serve_Type_Origin_Part_OutCome,Serve_Second_Deuce_Two_Won_thru_Winner,1,
Start_SplitBy_Serve_Type_Origin_Part_OutCome_Shot,Return_First_Adv_One_Lost_thru_Mistake_FH,1,
Start_SplitBy_Serve_Type_Origin_Part_OutCome_Shot,Return_First_Adv_One_Lost_thru_Mistake_Slice,2,
Start_SplitBy_Serve_Type_Origin_Part_OutCome_Shot,Return_First_Adv_One_Won_thru_Winner_FH,1,
Start_SplitBy_Serve_Type_Origin_Part_OutCome_Shot,Return_First_Adv_Two_Lost_thru_Mistake_FH,1,
Start_SplitBy_Serve_Type_Origin_Part_OutCome_Shot,Return_First_Adv_Two_Lost_thru_Mistake_Slice,1,
Start_SplitBy_Serve_Type_Origin_Part_OutCome_Shot,Return_First_Adv_Two_Rally_BH,2,
Start_SplitBy_Serve_Type_Origin_Part_OutCome_Shot,Return_First_Adv_Two_Rally_FH,5,
Start_SplitBy_Serve_Type_Origin_Part_OutCome_Shot,Return_First_Adv_Two_Won_thru_Winner_FH,1,
Start_SplitBy_Serve_Type_Origin_Part_OutCome_Shot,Return_First_Deuce_One_Lost_thru_Mistake_BH,1,
Start_SplitBy_Serve_Type_Origin_Part_OutCome_Shot,Return_First_Deuce_One_Lost_thru_Mistake_FH,3,
Start_SplitBy_Serve_Type_Origin_Part_OutCome_Shot,Return_First_Deuce_One_Lost_thru_Mistake_Slice,4,
Start_SplitBy_Serve_Type_Origin_Part_OutCome_Shot,Return_First_Deuce_One_Won_thru_Winner_Slice,2,
Start_SplitBy_Serve_Type_Origin_Part_OutCome_Shot,Return_First_Deuce_Two_Lost_thru_Mistake_BH,1,
Start_SplitBy_Serve_Type_Origin_Part_OutCome_Shot,Return_First_Deuce_Two_Lost_thru_Mistake_Slice,2,
Start_SplitBy_Serve_Type_Origin_Part_OutCome_Shot,Return_First_Deuce_Two_Rally_BH,1,
Start_SplitBy_Serve_Type_Origin_Part_OutCome_Shot,Return_First_Deuce_Two_Rally_FH,1,
Start_SplitBy_Serve_Type_Origin_Part_OutCome_Shot,Return_Second_Adv_One_Lost_thru_Mistake_FH,1,
Start_SplitBy_Serve_Type_Origin_Part_OutCome_Shot,Return_Second_Deuce_One_Lost_thru_Mistake_FH,1,
Start_SplitBy_Serve_Type_Origin_Part_OutCome_Shot,Return_Second_Deuce_Two_Lost_thru_Mistake_BH,1,
Start_SplitBy_Serve_Type_Origin_Part_OutCome_Shot,Serve_First_Adv_Two_Lost_thru_Mistake_FH,1,
Start_SplitBy_Serve_Type_Origin_Part_OutCome_Shot,Serve_First_Adv_Two_Rally_BH,1,
Start_SplitBy_Serve_Type_Origin_Part_OutCome_Shot,Serve_First_Adv_Two_Rally_FH,9,
Start_SplitBy_Serve_Type_Origin_Part_OutCome_Shot,Serve_First_Adv_Two_Rally_Serve,1,
Start_SplitBy_Serve_Type_Origin_Part_OutCome_Shot,Serve_First_Adv_Two_Won_thru_Winner_FH,3,
Start_SplitBy_Serve_Type_Origin_Part_OutCome_Shot,Serve_First_Deuce_Two_Lost_thru_Mistake_FH,4,
Start_SplitBy_Serve_Type_Origin_Part_OutCome_Shot,Serve_First_Deuce_Two_Rally_BH,4,
Start_SplitBy_Serve_Type_Origin_Part_OutCome_Shot,Serve_First_Deuce_Two_Rally_FH,3,
Start_SplitBy_Serve_Type_Origin_Part_OutCome_Shot,Serve_First_Deuce_Two_Won_thru_Winner_BH,1,
Start_SplitBy_Serve_Type_Origin_Part_OutCome_Shot,Serve_First_Deuce_Two_Won_thru_Winner_FH,2,
Start_SplitBy_Serve_Type_Origin_Part_OutCome_Shot,Serve_Second_Adv_One_Lost_thru_Mistake_Serve,3,
Start_SplitBy_Serve_Type_Origin_Part_OutCome_Shot,Serve_Second_Adv_Two_Rally_FH,3,
Start_SplitBy_Serve_Type_Origin_Part_OutCome_Shot,Serve_Second_Deuce_One_Lost_thru_Mistake_Serve,5,
Start_SplitBy_Serve_Type_Origin_Part_OutCome_Shot,Serve_Second_Deuce_Two_Lost_thru_Mistake_FH,1,
Start_SplitBy_Serve_Type_Origin_Part_OutCome_Shot,Serve_Second_Deuce_Two_Rally_FH,3,
Start_SplitBy_Serve_Type_Origin_Part_OutCome_Shot,Serve_Second_Deuce_Two_Won_thru_Winner_FH,1,
RallyOutcomes_FromHowStart,First_Return_Lost,7,
RallyOutcomes_FromHowStart,First_Return_Won,2,
RallyOutcomes_FromHowStart,First_Serve_Lost,11,
RallyOutcomes_FromHowStart,First_Serve_Won,7,
RallyOutcomes_FromHowStart,Second_Serve_Lost,3,
RallyOutcomes_FromHowStart,Second_Serve_Won,3,
Start_SplitBy_Serve_Type_Origin_OutComeHL,Return_First_Adv_Lost,5,
Start_SplitBy_Serve_Type_Origin_OutComeHL,Return_First_Adv_Rally,7,
Start_SplitBy_Serve_Type_Origin_OutComeHL,Return_First_Adv_Won,2,
Start_SplitBy_Serve_Type_Origin_OutComeHL,Return_First_Deuce_Lost,11,
Start_SplitBy_Serve_Type_Origin_OutComeHL,Return_First_Deuce_Rally,2,
Start_SplitBy_Serve_Type_Origin_OutComeHL,Return_First_Deuce_Won,2,
Start_SplitBy_Serve_Type_Origin_OutComeHL,Return_Second_Adv_Lost,1,
Start_SplitBy_Serve_Type_Origin_OutComeHL,Return_Second_Deuce_Lost,2,
Start_SplitBy_Serve_Type_Origin_OutComeHL,Return_Second_Deuce_Won,1,
Start_SplitBy_Serve_Type_Origin_OutComeHL,Serve_First_Adv_Lost,1,
Start_SplitBy_Serve_Type_Origin_OutComeHL,Serve_First_Adv_Rally,11,
Start_SplitBy_Serve_Type_Origin_OutComeHL,Serve_First_Adv_Won,3,
Start_SplitBy_Serve_Type_Origin_OutComeHL,Serve_First_Deuce_Lost,5,
Start_SplitBy_Serve_Type_Origin_OutComeHL,Serve_First_Deuce_Rally,7,
Start_SplitBy_Serve_Type_Origin_OutComeHL,Serve_First_Deuce_Won,3,
Start_SplitBy_Serve_Type_Origin_OutComeHL,Serve_Second_Adv_Lost,3,
Start_SplitBy_Serve_Type_Origin_OutComeHL,Serve_Second_Adv_Rally,3,
Start_SplitBy_Serve_Type_Origin_OutComeHL,Serve_Second_Deuce_Lost,6,
Start_SplitBy_Serve_Type_Origin_OutComeHL,Serve_Second_Deuce_Rally,3,
Start_SplitBy_Serve_Type_Origin_OutComeHL,Serve_Second_Deuce_Won,1,
Start_SplitBy_Serve_Type_Origin_OutCome,Return_First_Adv_Lost_thru_Mistake,5,
Start_SplitBy_Serve_Type_Origin_OutCome,Return_First_Adv_Rally,7,
Start_SplitBy_Serve_Type_Origin_OutCome,Return_First_Adv_Won_thru_Winner,2,
Start_SplitBy_Serve_Type_Origin_OutCome,Return_First_Deuce_Lost_thru_Mistake,11,
Start_SplitBy_Serve_Type_Origin_OutCome,Return_First_Deuce_Rally,2,
Start_SplitBy_Serve_Type_Origin_OutCome,Return_First_Deuce_Won_thru_Winner,2,
Start_SplitBy_Serve_Type_Origin_OutCome,Return_Second_Adv_Lost_thru_Mistake,1,
Start_SplitBy_Serve_Type_Origin_OutCome,Return_Second_Deuce_Lost_thru_Mistake,2,
Start_SplitBy_Serve_Type_Origin_OutCome,Return_Second_Deuce_Won_thru_Winner,1,
Start_SplitBy_Serve_Type_Origin_OutCome,Serve_First_Adv_Lost_thru_Mistake,1,
Start_SplitBy_Serve_Type_Origin_OutCome,Serve_First_Adv_Rally,11,
Start_SplitBy_Serve_Type_Origin_OutCome,Serve_First_Adv_Won_thru_Winner,3,
Start_SplitBy_Serve_Type_Origin_OutCome,Serve_First_Deuce_Lost_thru_Mistake,5,
Start_SplitBy_Serve_Type_Origin_OutCome,Serve_First_Deuce_Rally,7,
Start_SplitBy_Serve_Type_Origin_OutCome,Serve_First_Deuce_Won_thru_Winner,3,
Start_SplitBy_Serve_Type_Origin_OutCome,Serve_Second_Adv_Lost_thru_Mistake,3,
Start_SplitBy_Serve_Type_Origin_OutCome,Serve_Second_Adv_Rally,3,
Start_SplitBy_Serve_Type_Origin_OutCome,Serve_Second_Deuce_Lost_thru_Mistake,6,
Start_SplitBy_Serve_Type_Origin_OutCome,Serve_Second_Deuce_Rally,3,
Start_SplitBy_Serve_Type_Origin_OutCome,Serve_Second_Deuce_Won_thru_Winner,1,
FirstServes_by_ServeFrom_Freq,Serve_Adv,15,
FirstServes_by_ServeFrom_Freq,Serve_Deuce,15,
FirstServes_by_ServeFrom_Freq,Serve_Total,30,
TotalServes_by_ServeFrom_Freq,Serve_Adv,21,
TotalServes_by_ServeFrom_Freq,Serve_Deuce,25,
TotalServes_by_ServeFrom_Freq,Serve_Total,46,
TotalServes_by_CriticalHL,Serve_Critical,18,
TotalServes_by_CriticalHL,Serve_NonCritical,28,
FirstServes_by_Critical_lv2,Serve_Crit_Breakball,6,
FirstServes_by_Critical_lv2,Serve_Crit_NonBreak,4,
FirstServes_by_CriticalHL,Serve_Critical,10,
FirstServes_by_CriticalHL,Serve_NonCritical,20,
FirstServes_by_CriticalHL_Origin,Serve_Critical_Adv,6,
FirstServes_by_CriticalHL_Origin,Serve_NonCritical_Adv,9,
FirstServes_by_CriticalHL_Origin,Serve_Critical_Deuce,4,
FirstServes_by_CriticalHL_Origin,Serve_NonCritical_Deuce,11,
SecondServes_by_CriticalHL,Serve_Critical,8,
SecondServes_by_CriticalHL,Serve_NonCritical,8,
SecondServes_by_CriticalHL_Origin,Serve_Critical_Adv,3,
SecondServes_by_CriticalHL_Origin,Serve_NonCritical_Adv,3,
SecondServes_by_CriticalHL_Origin,Serve_Critical_Deuce,5,
SecondServes_by_CriticalHL_Origin,Serve_NonCritical_Deuce,5,
FirstServes_by_CriticalHL_OutcomeGen,Serve_Critical_Lost,3,
FirstServes_by_CriticalHL_OutcomeGen,Serve_Critical_Rally,6,
FirstServes_by_CriticalHL_OutcomeGen,Serve_Critical_Won,1,
FirstServes_by_CriticalHL_OutcomeGen,Serve_NonCritical_Lost,3,
FirstServes_by_CriticalHL_OutcomeGen,Serve_NonCritical_Rally,12,
FirstServes_by_CriticalHL_OutcomeGen,Serve_NonCritical_Won,5,
FirstServes_by_CriticalHL_Origin_OutcomeGen,Serve_Critical_Adv_Rally,5,
FirstServes_by_CriticalHL_Origin_OutcomeGen,Serve_Critical_Adv_Won,1,
FirstServes_by_CriticalHL_Origin_OutcomeGen,Serve_NonCritical_Adv_Lost,1,
FirstServes_by_CriticalHL_Origin_OutcomeGen,Serve_NonCritical_Adv_Rally,6,
FirstServes_by_CriticalHL_Origin_OutcomeGen,Serve_NonCritical_Adv_Won,2,
FirstServes_by_CriticalHL_Origin_OutcomeGen,Serve_Critical_Deuce_Lost,3,
FirstServes_by_CriticalHL_Origin_OutcomeGen,Serve_Critical_Deuce_Rally,1,
FirstServes_by_CriticalHL_Origin_OutcomeGen,Serve_NonCritical_Deuce_Lost,2,
FirstServes_by_CriticalHL_Origin_OutcomeGen,Serve_NonCritical_Deuce_Rally,6,
FirstServes_by_CriticalHL_Origin_OutcomeGen,Serve_NonCritical_Deuce_Won,3,
SecondServes_by_CriticalHL_OutcomeGen,Serve_Critical_Lost,6,
SecondServes_by_CriticalHL_OutcomeGen,Serve_Critical_Rally,2,
SecondServes_by_CriticalHL_OutcomeGen,Serve_NonCritical_Lost,3,
SecondServes_by_CriticalHL_OutcomeGen,Serve_NonCritical_Rally,4,
SecondServes_by_CriticalHL_OutcomeGen,Serve_NonCritical_Won,1,
SecondServes_by_CriticalHL_Origin_OutcomeGen,Serve_Critical_Adv_Lost,2,
SecondServes_by_CriticalHL_Origin_OutcomeGen,Serve_Critical_Adv_Rally,1,
SecondServes_by_CriticalHL_Origin_OutcomeGen,Serve_NonCritical_Adv_Lost,1,
SecondServes_by_CriticalHL_Origin_OutcomeGen,Serve_NonCritical_Adv_Rally,2,
SecondServes_by_CriticalHL_Origin_OutcomeGen,Serve_Critical_Deuce_Lost,4,
SecondServes_by_CriticalHL_Origin_OutcomeGen,Serve_Critical_Deuce_Rally,1,
SecondServes_by_CriticalHL_Origin_OutcomeGen,Serve_NonCritical_Deuce_Lost,2,
SecondServes_by_CriticalHL_Origin_OutcomeGen,Serve_NonCritical_Deuce_Rally,2,
SecondServes_by_CriticalHL_Origin_OutcomeGen,Serve_NonCritical_Deuce_Won,1,
TotalServes_by_Critical_lv2,Serve_Crit_Breakball,8,
TotalServes_by_Critical_lv2,Serve_Crit_NonBreak,10,
FirstServes_by_Critical_lv2_Origin,Serve_Crit_Breakball_Adv,5,
FirstServes_by_Critical_lv2_Origin,Serve_Crit_NonBreak_Adv,1,
FirstServes_by_Critical_lv2_Origin,Serve_Crit_Breakball_Deuce,1,
FirstServes_by_Critical_lv2_Origin,Serve_Crit_NonBreak_Deuce,3,
SecondServes_by_Critical_lv2,Serve_Crit_Breakball,2,
SecondServes_by_Critical_lv2,Serve_Crit_NonBreak,6,
SecondServes_by_Critical_lv2_Origin,Serve_Crit_Breakball_Adv,2,
SecondServes_by_Critical_lv2_Origin,Serve_Crit_NonBreak_Adv,1,
SecondServes_by_Critical_lv2_Origin,Serve_Crit_NonBreak_Deuce,5,
FirstServes_by_Critical_lv2_OutcomeGen,Serve_Crit_Breakball_Lost,1,
FirstServes_by_Critical_lv2_OutcomeGen,Serve_Crit_Breakball_Rally,4,
FirstServes_by_Critical_lv2_OutcomeGen,Serve_Crit_Breakball_Won,1,
FirstServes_by_Critical_lv2_OutcomeGen,Serve_Crit_NonBreak_Lost,2,
FirstServes_by_Critical_lv2_OutcomeGen,Serve_Crit_NonBreak_Rally,2,
FirstServes_by_Critical_lv2_Origin_OutcomeGen,Serve_Crit_Breakball_Adv_Rally,4,
FirstServes_by_Critical_lv2_Origin_OutcomeGen,Serve_Crit_Breakball_Adv_Won,1,
FirstServes_by_Critical_lv2_Origin_OutcomeGen,Serve_Crit_NonBreak_Adv_Rally,1,
FirstServes_by_Critical_lv2_Origin_OutcomeGen,Serve_Crit_Breakball_Deuce_Lost,1,
FirstServes_by_Critical_lv2_Origin_OutcomeGen,Serve_Crit_NonBreak_Deuce_Lost,2,
FirstServes_by_Critical_lv2_Origin_OutcomeGen,Serve_Crit_NonBreak_Deuce_Rally,1,
SecondServes_by_Critical_lv2_OutcomeGen,Serve_Crit_Breakball_Lost,2,
SecondServes_by_Critical_lv2_OutcomeGen,Serve_Crit_NonBreak_Lost,4,
SecondServes_by_Critical_lv2_OutcomeGen,Serve_Crit_NonBreak_Rally,2,
SecondServes_by_Critical_lv2_Origin_OutcomeGen,Serve_Crit_Breakball_Adv_Lost,2,
SecondServes_by_Critical_lv2_Origin_OutcomeGen,Serve_Crit_NonBreak_Adv_Rally,1,
SecondServes_by_Critical_lv2_Origin_OutcomeGen,Serve_Crit_NonBreak_Deuce_Lost,4,
SecondServes_by_Critical_lv2_Origin_OutcomeGen,Serve_Crit_NonBreak_Deuce_Rally,1,
TotalServesReturnHit_by_ServeFrom_Freq,Return_Adv,15,
TotalServesReturnHit_by_ServeFrom_Freq,Return_Deuce,18,
TotalServesReturnHit_by_ServeFrom_Freq,Return_Total,33,
FirstServesReturnHit_by_ServeFrom_Freq,Return_Adv,14,
FirstServesReturnHit_by_ServeFrom_Freq,Return_Deuce,15,
FirstServesReturnHit_by_ServeFrom_Freq,Return_Total,29,
SecondServesReturnHit_by_ServeFrom_Freq,Return_Adv,1,
SecondServesReturnHit_by_ServeFrom_Freq,Return_Deuce,3,
SecondServesReturnHit_by_ServeFrom_Freq,Return_Total,4,
TotalServesReturnMade_by_ServeFrom_Freq,Return_Adv,11,
TotalServesReturnMade_by_ServeFrom_Freq,Return_Deuce,9,
TotalServesReturnMade_by_ServeFrom_Freq,Return_Total,20,
FirstServesReturnMade_by_ServeFrom_Freq,Return_Adv,11,
FirstServesReturnMade_by_ServeFrom_Freq,Return_Deuce,7,
FirstServesReturnMade_by_ServeFrom_Freq,Return_Total,18,
SecondServesReturnMade_by_ServeFrom_Freq,Return_Deuce,2,
SecondServesReturnMade_by_ServeFrom_Freq,Return_Total,2,
TotalReturns_by_CriticalHL,Return_Critical,4,
TotalReturns_by_CriticalHL,Return_NonCritical,29,
FirstServeReturn_by_CriticalHL,Return_Critical,2,
FirstServeReturn_by_CriticalHL,Return_NonCritical,27,
FirstServeReturnMADE_by_CriticalHL,Return_Critical,2,
FirstServeReturnMADE_by_CriticalHL,Return_NonCritical,16,
FirstServeReturn_by_CriticalHL_Origin,Return_Critical_Adv,2,
FirstServeReturn_by_CriticalHL_Origin,Return_NonCritical_Adv,12,
FirstServeReturn_by_CriticalHL_Origin,Return_NonCritical_Deuce,15,
SecondServeReturn_by_CriticalHL,Return_Critical,2,
SecondServeReturn_by_CriticalHL,Return_NonCritical,2,
SecondServeReturnMADE_by_CriticalHL,Return_Critical,2,
SecondServeReturn_by_CriticalHL_Origin,Return_NonCritical_Adv,1,
SecondServeReturn_by_CriticalHL_Origin,Return_Critical_Deuce,2,
SecondServeReturn_by_CriticalHL_Origin,Return_NonCritical_Deuce,1,
FirstServeReturn_by_CriticalHL_OutcomeGen,Return_Critical_Rally,2,
FirstServeReturn_by_CriticalHL_OutcomeGen,Return_NonCritical_Lost,16,
FirstServeReturn_by_CriticalHL_OutcomeGen,Return_NonCritical_Rally,7,
FirstServeReturn_by_CriticalHL_OutcomeGen,Return_NonCritical_Won,4,
FirstServeReturn_by_CriticalHL_Origin_OutcomeGen,Return_Critical_Adv_Rally,2,
FirstServeReturn_by_CriticalHL_Origin_OutcomeGen,Return_NonCritical_Adv_Lost,5,
FirstServeReturn_by_CriticalHL_Origin_OutcomeGen,Return_NonCritical_Adv_Rally,5,
FirstServeReturn_by_CriticalHL_Origin_OutcomeGen,Return_NonCritical_Adv_Won,2,
FirstServeReturn_by_CriticalHL_Origin_OutcomeGen,Return_NonCritical_Deuce_Lost,11,
FirstServeReturn_by_CriticalHL_Origin_OutcomeGen,Return_NonCritical_Deuce_Rally,2,
FirstServeReturn_by_CriticalHL_Origin_OutcomeGen,Return_NonCritical_Deuce_Won,2,
SecondServeReturn_by_CriticalHL_OutcomeGen,Return_Critical_Lost,1,
SecondServeReturn_by_CriticalHL_OutcomeGen,Return_Critical_Won,1,
SecondServeReturn_by_CriticalHL_OutcomeGen,Return_NonCritical_Lost,2,
SecondServeReturn_by_CriticalHL_Origin_OutcomeGen,Return_NonCritical_Adv_Lost,1,
SecondServeReturn_by_CriticalHL_Origin_OutcomeGen,Return_Critical_Deuce_Lost,1,
SecondServeReturn_by_CriticalHL_Origin_OutcomeGen,Return_Critical_Deuce_Won,1,
SecondServeReturn_by_CriticalHL_Origin_OutcomeGen,Return_NonCritical_Deuce_Lost,1,
TotalReturns_by_Critical_lv2,Return_Crit_Breakball,1,
TotalReturns_by_Critical_lv2,Return_Crit_NonBreak,3,
FirstServeReturns_by_Critical_lv2,Return_Crit_Breakball,1,
FirstServeReturns_by_Critical_lv2,Return_Crit_NonBreak,1,
FirstServeReturn_by_Critical_lv2_Origin,Return_Crit_Breakball_Adv,1,
FirstServeReturn_by_Critical_lv2_Origin,Return_Crit_NonBreak_Adv,1,
SecondServeReturn_by_Critical_lv2,Return_Crit_NonBreak,2,
SecondServeReturn_by_Critical_lv2_Origin,Return_Crit_NonBreak_Deuce,2,
FirstServeReturn_by_Critical_lv2_OutcomeGen,Return_Crit_Breakball_Rally,1,
FirstServeReturn_by_Critical_lv2_OutcomeGen,Return_Crit_NonBreak_Rally,1,
FirstServeReturn_by_Critical_lv2_Origin_OutcomeGen,Return_Crit_Breakball_Adv_Rally,1,
FirstServeReturn_by_Critical_lv2_Origin_OutcomeGen,Return_Crit_NonBreak_Adv_Rally,1,
SecondServeReturn_by_Critical_lv2_OutcomeGen,Return_Crit_NonBreak_Lost,1,
SecondServeReturn_by_Critical_lv2_OutcomeGen,Return_Crit_NonBreak_Won,1,
SecondServeReturn_by_Critical_lv2_Origin_OutcomeGen,Return_Crit_NonBreak_Deuce_Lost,1,
SecondServeReturn_by_Critical_lv2_Origin_OutcomeGen,Return_Crit_NonBreak_Deuce_Won,1,
ReturnShot,Count_FH,21,
ReturnShot,Count_Slice,10,
ReturnShot,Count_BH,1,
ReturnShot_First,Count_FH,18,
ReturnShot_First,Count_Slice,10,
ReturnShot_First,Count_BH,1,
ReturnShot_Second,Count_FH,3,
RallyLen_Breakdown,RallyLen_Rally_3to4_shots_Lost,12,
RallyLen_Breakdown,RallyLen_Rally_3to4_shots_Won,9,
RallyLen_Breakdown,RallyLen_Rally_over4_shots_Lost,9,
RallyLen_Breakdown,RallyLen_Rally_over4_shots_Won,3,
RallyLen_Breakdown,RallyLen_Return_Lost,19,
RallyLen_Breakdown,RallyLen_Return_Won,5,
RallyLen_Breakdown,RallyLen_Serve_Lost,15,
RallyLen_Breakdown,RallyLen_Serve_Won,7,
AverageRally_Length,CountandSum_Return,33,62
AverageRally_Length,CountandSum_Serve,46,138
ShotBreakdown_Frequency,FH_Freq,85,
ShotBreakdown_Frequency,Serve_Freq,47,
ShotBreakdown_Frequency,Return_Freq,33,
ShotBreakdown_Frequency,BH_Freq,21,
ShotBreakdown_Frequency,Slice_Freq,16,
ShotBreakdown_Frequency,Volley_Freq,2,
ServeReturn_ShotEff,TotalReturn_BH,1,-10
ServeReturn_ShotEff,TotalReturn_FH,21,-35
ServeReturn_ShotEff,TotalReturn_Slice,10,-60
ServeReturn_ShotEff,TotalServe_BH,6,10
ServeReturn_ShotEff,TotalServe_FH,30,30
ServeReturn_ShotEff,TotalServe_Serve,10,-130
ServeReturn_ShotEff,FirstReturn_BH,1,-10
ServeReturn_ShotEff,FirstReturn_FH,18,-5
ServeReturn_ShotEff,FirstReturn_Slice,10,-60
ServeReturn_ShotEff,FirstServe_BH,6,10
ServeReturn_ShotEff,FirstServe_FH,22,0
ServeReturn_ShotEff,FirstServe_Serve,2,-10
ServeReturn_ShotEff,SecondReturn_FH,3,-30
ServeReturn_ShotEff,SecondServe_FH,8,30
ServeReturn_ShotEff,SecondServe_Serve,8,-120
HRTimeSpentInZone,Hard Effort 80-90%,990,
HRTimeSpentInZone,Max Effort 90%+,2283,
HRTimeSpentInZone,Moderate Effort 70-80%,112,
Wins_byHRZone_Freq,Hard Effort 80-90%_Won,4,
Wins_byHRZone_Freq,Max Effort 90%+_Won,18,
Wins_byHRZone_Freq,Moderate Effort 70-80%_Won,2,
Mistakes_byHRZone_Freq,Hard Effort 80-90%_Lost_thru_Mistake,19,
Mistakes_byHRZone_Freq,Max Effort 90%+_Lost_thru_Mistake,35,
Mistakes_byHRZone_Freq,Moderate Effort 70-80%_Lost_thru_Mistake,1,
TotalPts_byHRZone_Freq,Hard Effort 80-90%_TotalPts,23,
TotalPts_byHRZone_Freq,Max Effort 90%+_TotalPts,53,
TotalPts_byHRZone_Freq,Moderate Effort 70-80%_TotalPts,3,
Missing,NoSensor,0,0
Missing,NoShots,0,0
age,45,0,0
gender,MALE,0,0
rating_lev,14.6,0,0
rating_typ,GERMANY,0,0
matchResult,LOSE,0,0
matchLevel,MUCH_STRONGER,0,0
matchSurface,CARPET,0,0
matchType,COMPETITIVE,0,0
